urls,Calendar,News,Location
0.com,not found,not found,not found
0.net.cn,not found,not found,not found
0000.work,not found,not found,not found
000008.cn,not found,found,found
00001.cn,not found,found,found
0-0001.com,not found,not found,not found
00001pay.com,not found,not found,not found
0000fc.com,not found,not found,not found
0000vx.top,not found,not found,not found
000-100.com,not found,not found,not found
00023.com,not found,not found,not found
0002game.com,not found,found,found
00045.com,not found,not found,not found
000681.com,not found,not found,found
000836.net,not found,not found,not found
00085.com,not found,not found,not found
000891.com,not found,not found,not found
0008vip.cn,not found,not found,not found
000h5.net,not found,not found,not found
000iot.com,not found,not found,found
000pc.cloud,not found,not found,not found
000pc.net,not found,found,found
000skins.com,not found,not found,not found
000st.com,not found,not found,not found
000sys.com,not found,not found,not found
000tree.com,not found,not found,not found
000webhost.com,not found,not found,not found
000zf.com,not found,not found,not found
001.com.cn,not found,not found,not found
0010319.com,not found,not found,not found
0011379227.atobo.com.cn,not found,not found,found
0011cc.top,not found,not found,not found
00123.com,found,found,found
0013.96ni.net,not found,not found,not found
001300.cn,not found,not found,not found
0013110.cn,not found,found,not found
00178.net,not found,not found,not found
0018game.com,not found,not found,not found
001car.com,not found,not found,not found
001cctv.com,found,found,not found
001computer.com,not found,not found,not found
001crm.com,not found,not found,not found
001daijia.com,not found,not found,not found
001digital.com,not found,not found,not found
001fa.com,not found,not found,found
001internet.com,not found,not found,not found
001jianzhi.com,not found,not found,not found
001kangfu.com,not found,not found,not found
001km.com,not found,not found,not found
001mn.cn,not found,found,not found
001mt.com,not found,not found,found
001pt.com,not found,not found,not found
001sh.cn,not found,not found,not found
001soft.cn,not found,not found,not found
001soft.com,not found,not found,not found
001supplies.com,not found,not found,found
001v.cn,not found,found,not found
001vr.com,not found,not found,not found
001web.net,not found,found,not found
001webs.com,not found,not found,not found
001yf.com,not found,not found,not found
001yourtranslationservice.com,not found,not found,found
001zuche.cn,not found,not found,not found
001zy.cn,not found,not found,not found
002.com.cn,not found,not found,not found
002002.cn,not found,found,not found
00273.cn,not found,not found,not found
002vip.vip,not found,not found,not found
003004.cn,not found,not found,not found
00316it.com,not found,not found,not found
00321.cn,not found,not found,not found
0033.cn,not found,not found,not found
0033.com,not found,not found,not found
003400.com,not found,not found,not found
0037yx.com,not found,not found,not found
0039italia.com,not found,not found,not found
003box.com,not found,not found,not found
005.net.cn,not found,not found,not found
0050.cn,not found,not found,not found
005288.com.cn,not found,found,found
00535.com,not found,not found,not found
00563.com,not found,not found,not found
005gdjc.com,not found,not found,not found
005h5.com,not found,not found,not found
005st.com,not found,not found,not found
006.pl,not found,not found,not found
006.tv,not found,not found,not found
0061.com.au,not found,not found,not found
0066789.cn,not found,not found,not found
006sx.com,not found,not found,not found
006tv.cn,not found,not found,not found
006web.com,not found,not found,found
0071515.com,not found,not found,not found
0075199.com,not found,not found,not found
00790.com.cn,not found,not found,not found
007ab.cn,not found,not found,not found
007airsoft.com,not found,not found,found
007api.cn,not found,not found,not found
007autographauction.com,not found,found,not found
007autographauction.org,not found,found,not found
